{
  "plans": {
    "bolshoy_2025-09": {
      "revenue": 1500000.0,
      "loyaltyWriteoffs": 75000.0,
      "profit": 973684.2105263158,
      "checks": 1363.0,
      "averageCheck": 1100.0,
      "draftShare": 60.0,
      "packagedShare": 25.0,
      "kitchenShare": 15.0,
      "markupPercent": 185.0,
      "markupDraft": 225.0,
      "markupPackaged": 110.0,
      "markupKitchen": 150.0,
      "revenueDraft": 900000.0,
      "revenuePackaged": 375000.0,
      "revenueKitchen": 225000.0
    },
    "kremenchugskaya_2025-09": {
      "revenue": 1836000.0,
      "loyaltyWriteoffs": 91800.0,
      "profit": 1206697.7,
      "checks": 1020.0,
      "averageCheck": 1800.0,
      "draftShare": 60.0,
      "packagedShare": 25.0,
      "kitchenShare": 15.0,
      "markupPercent": 191.75,
      "markupDraft": 250.0,
      "markupPackaged": 120.0,
      "markupKitchen": 160.0,
      "revenueDraft": 1101600.0,
      "revenuePackaged": 459000.0,
      "revenueKitchen": 275400.0
    },
    "varshavskaya_2025-09": {
      "revenue": 1000800.0,
      "loyaltyWriteoffs": 50040.0,
      "profit": 666658.44,
      "checks": 720.0,
      "averageCheck": 1390.0,
      "draftShare": 60.0,
      "packagedShare": 25.0,
      "kitchenShare": 15.0,
      "markupPercent": 199.51,
      "markupDraft": 260.0,
      "markupPackaged": 120.0,
      "markupKitchen": 180.0,
      "revenueDraft": 600480.0,
      "revenuePackaged": 250200.0,
      "revenueKitchen": 150120.0
    },
    "all_2025-09": {
      "revenue": 4336800.0,
      "loyaltyWriteoffs": 216840.0,
      "profit": 2847040.3505263156,
      "checks": 3103.0,
      "averageCheck": 1430.0,
      "draftShare": 60.0,
      "packagedShare": 25.0,
      "kitchenShare": 15.0,
      "markupPercent": 192.08666666666667,
      "markupDraft": 245.0,
      "markupPackaged": 116.66666666666667,
      "markupKitchen": 163.33333333333334,
      "revenueDraft": 2602080.0,
      "revenuePackaged": 1084200.0,
      "revenueKitchen": 650520.0
    },
    "ligovskiy_2025-09": {
      "loyaltyWriteoffs": 0.0
    },
    "bolshoy_2025-10": {
      "revenue": 1201750.0,
      "loyaltyWriteoffs": 60087.5,
      "profit": 795564.1,
      "checks": 1045.0,
      "averageCheck": 1150.0,
      "draftShare": 60.0,
      "packagedShare": 25.0,
      "kitchenShare": 15.0,
      "markupPercent": 195.86,
      "markupDraft": 260.0,
      "markupPackaged": 120.0,
      "markupKitchen": 160.0,
      "revenueDraft": 721050.0,
      "revenuePackaged": 300437.5,
      "revenueKitchen": 180262.5
    },
    "ligovskiy_2025-10": {
      "revenue": 655500.0,
      "loyaltyWriteoffs": 32775.0,
      "profit": 421720.28,
      "checks": 690.0,
      "averageCheck": 950.0,
      "draftShare": 60.0,
      "packagedShare": 30.0,
      "kitchenShare": 10.0,
      "markupPercent": 180.39,
      "markupDraft": 230.0,
      "markupPackaged": 120.0,
      "markupKitchen": 160.0,
      "revenueDraft": 393300.0,
      "revenuePackaged": 196650.0,
      "revenueKitchen": 65550.0
    },
    "kremenchugskaya_2025-10": {
      "revenue": 1608900.0,
      "loyaltyWriteoffs": 80445.0,
      "profit": 1072600.0,
      "checks": 930.0,
      "averageCheck": 1730.0,
      "draftShare": 60.0,
      "packagedShare": 25.0,
      "kitchenShare": 15.0,
      "markupPercent": 200.0,
      "markupDraft": 260.0,
      "markupPackaged": 125.0,
      "markupKitchen": 170.0,
      "revenueDraft": 965340.0,
      "revenuePackaged": 402225.0,
      "revenueKitchen": 241335.0
    },
    "varshavskaya_2025-10": {
      "revenue": 962050.0,
      "loyaltyWriteoffs": 48102.5,
      "profit": 643275.5,
      "checks": 710.0,
      "averageCheck": 1355.0,
      "draftShare": 60.0,
      "packagedShare": 25.0,
      "kitchenShare": 15.0,
      "markupPercent": 201.8,
      "markupDraft": 260.0,
      "markupPackaged": 125.0,
      "markupKitchen": 180.0,
      "revenueDraft": 577230.0,
      "revenuePackaged": 240512.5,
      "revenueKitchen": 144307.5
    },
    "all_2025-10": {
      "revenue": 4428200.0,
      "loyaltyWriteoffs": 221410.0,
      "profit": 2933159.88,
      "checks": 3375.0,
      "averageCheck": 1296.25,
      "draftShare": 60.0,
      "packagedShare": 26.25,
      "kitchenShare": 13.75,
      "markupPercent": 194.5125,
      "markupDraft": 252.5,
      "markupPackaged": 122.5,
      "markupKitchen": 167.5,
      "revenueDraft": 2656920.0,
      "revenuePackaged": 1162402.5,
      "revenueKitchen": 608877.5
    },
    "bolshoy_2025-11": {
      "revenue": 1000500.0,
      "loyaltyWriteoffs": 50025.0,
      "profit": 662335.66,
      "checks": 870.0,
      "averageCheck": 1150.0,
      "draftShare": 60.0,
      "packagedShare": 25.0,
      "kitchenShare": 15.0,
      "markupPercent": 195.86,
      "markupDraft": 260.0,
      "markupPackaged": 120.0,
      "markupKitchen": 160.0,
      "revenueDraft": 600300.0,
      "revenuePackaged": 250125.0,
      "revenueKitchen": 150075.0
    },
    "ligovskiy_2025-11": {
      "revenue": 825000.0,
      "loyaltyWriteoffs": 41250.0,
      "profit": 515769.23,
      "checks": 750.0,
      "averageCheck": 1100.0,
      "draftShare": 60.0,
      "packagedShare": 30.0,
      "kitchenShare": 10.0,
      "markupPercent": 166.79,
      "markupDraft": 200.0,
      "markupPackaged": 120.0,
      "markupKitchen": 160.0,
      "revenueDraft": 495000.0,
      "revenuePackaged": 247500.0,
      "revenueKitchen": 82500.0
    },
    "kremenchugskaya_2025-11": {
      "revenue": 1400000.0,
      "loyaltyWriteoffs": 70000.0,
      "profit": 933333.33,
      "checks": 800.0,
      "averageCheck": 1750.0,
      "draftShare": 60.0,
      "packagedShare": 25.0,
      "kitchenShare": 15.0,
      "markupPercent": 200.0,
      "markupDraft": 260.0,
      "markupPackaged": 125.0,
      "markupKitchen": 170.0,
      "revenueDraft": 840000.0,
      "revenuePackaged": 350000.0,
      "revenueKitchen": 210000.0
    },
    "varshavskaya_2025-11": {
      "revenue": 951750.0,
      "loyaltyWriteoffs": 47587.5,
      "profit": 637219.29,
      "checks": 705.0,
      "averageCheck": 1350.0,
      "draftShare": 60.0,
      "packagedShare": 24.0,
      "kitchenShare": 16.0,
      "markupPercent": 202.59,
      "markupDraft": 260.0,
      "markupPackaged": 125.0,
      "markupKitchen": 180.0,
      "revenueDraft": 571050.0,
      "revenuePackaged": 228420.0,
      "revenueKitchen": 152280.0
    },
    "all_2025-11": {
      "revenue": 4177250.0,
      "loyaltyWriteoffs": 208862.5,
      "profit": 2748657.5100000002,
      "checks": 3125.0,
      "averageCheck": 1337.5,
      "draftShare": 60.0,
      "packagedShare": 26.0,
      "kitchenShare": 14.0,
      "markupPercent": 191.31,
      "markupDraft": 245.0,
      "markupPackaged": 122.5,
      "markupKitchen": 167.5,
      "revenueDraft": 2506350.0,
      "revenuePackaged": 1086085.0,
      "revenueKitchen": 584815.0
    },
    "bolshoy_2025-12": {
      "revenue": 1006200.0,
      "loyaltyWriteoffs": 50310.0,
      "profit": 666109.09,
      "checks": 780.0,
      "averageCheck": 1290.0,
      "draftShare": 60.0,
      "packagedShare": 25.0,
      "kitchenShare": 15.0,
      "markupPercent": 195.86,
      "markupDraft": 260.0,
      "markupPackaged": 120.0,
      "markupKitchen": 160.0,
      "revenueDraft": 603720.0,
      "revenuePackaged": 251550.0,
      "revenueKitchen": 150930.0
    },
    "ligovskiy_2025-12": {
      "revenue": 1006400.0,
      "loyaltyWriteoffs": 50320.0,
      "profit": 645274.83,
      "checks": 740.0,
      "averageCheck": 1360.0,
      "draftShare": 60.0,
      "packagedShare": 25.0,
      "kitchenShare": 15.0,
      "markupPercent": 178.68,
      "markupDraft": 220.0,
      "markupPackaged": 120.0,
      "markupKitchen": 160.0,
      "revenueDraft": 603840.0,
      "revenuePackaged": 251600.0,
      "revenueKitchen": 150960.0
    },
    "kremenchugskaya_2025-12": {
      "revenue": 1502550.0,
      "loyaltyWriteoffs": 75127.5,
      "profit": 1001700.0,
      "checks": 795.0,